{"cameraMode":{"drawMode":0,"name":"Shaded","section":"Shading Mode"},"sceneLighting":false,"audioPlay":false,"sceneViewState":{"showFog":false,"showMaterialUpdate":false,"showSkybox":false,"showFlares":false,"showImageEffects":false,"showParticleSystems":true},"in2DMode":false,"pivot":{"x":0.3990931510925293,"y":0.5786354541778565,"z":1.4464197158813477},"rotation":{"x":-0.13175641000270844,"y":-0.6104755401611328,"z":0.10391274839639664,"w":-0.774055540561676},"size":1.8122084140777588,"orthographic":false}