{"cameraMode":{"drawMode":0,"name":"Shaded","section":"Shading Mode"},"sceneLighting":false,"audioPlay":false,"sceneViewState":{"showFog":false,"showMaterialUpdate":false,"showSkybox":false,"showFlares":false,"showImageEffects":false,"showParticleSystems":true},"in2DMode":false,"pivot":{"x":-0.15095072984695435,"y":0.826781153678894,"z":0.3145178556442261},"rotation":{"x":0.09243044257164002,"y":-0.41732320189476015,"z":0.04271523654460907,"w":0.9030356407165527},"size":3.0122082233428957,"orthographic":false}