{"cameraMode":{"drawMode":0,"name":"Shaded","section":"Shading Mode"},"sceneLighting":false,"audioPlay":false,"sceneViewState":{"showFog":false,"showMaterialUpdate":false,"showSkybox":false,"showFlares":false,"showImageEffects":false,"showParticleSystems":true},"in2DMode":false,"pivot":{"x":-0.2070000171661377,"y":1.5331404209136963,"z":0.35199999809265139},"rotation":{"x":0.1638120412826538,"y":0.110735684633255,"z":-0.01849825121462345,"w":0.9800822138786316},"size":0.33668407797813418,"orthographic":false}