{"cameraMode":{"drawMode":0,"name":"Shaded","section":"Shading Mode"},"sceneLighting":false,"audioPlay":false,"sceneViewState":{"showFog":false,"showMaterialUpdate":false,"showSkybox":false,"showFlares":false,"showImageEffects":false,"showParticleSystems":true},"in2DMode":false,"pivot":{"x":-0.2070000171661377,"y":1.5331404209136963,"z":0.35199999809265139},"rotation":{"x":0.008903120644390583,"y":-0.9910438656806946,"z":0.09904475510120392,"w":0.08912337571382523},"size":0.33668404817581179,"orthographic":false}